MODEL_NAME,DT_MEASURE,dt_workday,rod_dia1_diam,rod_dia1_cirlty,rod_dia1_perp,rod_dia1_cylcty,rod_dia2_y,rod_dia2_x,rod_dia2_diam,rod_dia2_dist,rod_bhpl_y,rod_bhpl_z,rod_bhpl_diam,rod_bhpr_z,rod_bhpr_diam,rod_bhpr_y,rod_bhpr_dist,rod_lr_symm,rod_cap_hl,rod_cap_hr,rod_phpl_y1,rod_phpl_z1,rod_phpl_y2,rod_phpl_z2,rod_phpl_diam,rod_phpr_y1,rod_phpr_z1,rod_phpr_y2,rod_phpr_z2,rod_phpr_diam,cap_dia2_y,cap_dia2_z,cap_dia2_x,cap_dia2_diam,cap_bhpr_y,cap_bhpr_z,cap_bhpr_diam,cap_bhpr_perp,cap_bhpl_z,cap_bhpl_y,cap_bhpl_diam,cap_bhpl_perp,cap_lr_symm,cap_phpr_y1,cap_phpr_z1,cap_phpr_y2,cap_phpr_z2,cap_phpr_diam,cap_phpl_y1,cap_phpl_z1,cap_phpl_y2,cap_phpl_z2,cap_phpl_diam,cap_rod_hl,cap_rod_hr,test_result
265,"2021-09-01 08:04:00",2021-09-01,50.0175,0.0025,0.0053,0.0034,67.4139,210.599,87.0695,274.9175,12.5086,-21.3212,14.5969,-21.321,14.6026,109.9897,0,0.0896,208.6528,208.6638,12.4866,-35.3671,0.022,14.0458,5.9975,110.0268,28.0051,0.0151,13.959,5.9973,-67.458,0,34.5092,87.075,-12.529,-21.4539,16.525,0,-21.3889,109.996,16.5274,0,0.069,-12.5179,27.995,0.0112,13.9644,5.971,110.0157,-7.4233,0.0086,13.9656,5.9933,36.3829,36.3886,NG
265,"2021-09-01 08:08:00",2021-09-01,50.0176,0.0028,0.0033,0.0029,67.4684,210.6437,87.0896,274.9759,12.5056,-21.4043,14.5944,-21.4039,14.6065,109.9654,0,0.0199,208.6218,208.6231,12.5519,-35.347,0.0464,13.9427,5.9721,110.0238,28.0084,0.1048,14.0653,5.9718,-67.5039,0,34.5099,87.0957,-12.4847,-21.4093,16.517,0,-21.349,110.0373,16.5149,0,0.0005,-12.4693,28.0051,0.0154,13.9621,5.9753,110.0291,-7.3663,0.0237,13.9827,5.9701,36.4379,36.4278,NG
265,"2021-09-01 08:12:00",2021-09-01,50.0168,0.0035,0.0011,0.0035,67.4591,210.6507,87.1014,274.9849,12.499,-21.3698,14.5984,-21.3921,14.6038,109.9936,0,0.0367,208.66,208.6363,12.532,-35.3979,0.033,14.0281,5.9743,110.03,27.9729,0.0694,13.9671,5.9976,-67.4668,0,34.5037,87.0837,-12.517,-21.4104,16.5397,0,-21.3477,110.0349,16.5434,0,0.0677,-12.5125,28.0111,0.0045,13.9682,5.9986,110.0248,-7.3675,0.0145,13.9802,5.9981,36.3881,36.3941,NG
265,"2021-09-01 08:16:00",2021-09-01,50.0163,0.003,0.0015,0.003,67.4818,210.6603,87.0736,274.9975,12.5268,-21.3735,14.5868,-21.3857,14.599,109.9931,0,0.0415,208.6612,208.6516,12.5222,-35.4199,0.0045,14.0465,5.9975,110.0303,28.0092,0.0327,13.9749,5.9977,-67.523,0,34.5625,87.0914,-12.5173,-21.4102,16.5298,0,-21.3888,110.0369,16.543,0,0.0128,-12.5041,27.9982,0.0132,13.9972,5.9983,110.0299,-7.4092,0.0202,13.9796,5.9979,36.4117,36.407,OK
265,"2021-09-01 13:36:00",2021-09-01,50.0191,0.0018,0.0064,0.0025,67.4361,210.638,87.0683,274.9683,12.4911,-21.2142,14.6225,-21.237,14.6209,109.9669,0,0.0385,208.6801,208.6935,12.5026,-35.3798,0.0115,14.1656,5.9985,110.0184,28.0131,0.063,13.8703,5.9981,-67.4727,0,34.5042,87.0769,-12.5172,-21.4678,16.5486,0,-21.3845,110.0517,16.5553,0,0.0704,-12.529,27.9956,0.0117,13.9639,5.9986,110.0187,-7.4361,0.0212,13.9485,5.9984,36.3911,36.4005,NG
265,"2021-09-01 13:40:00",2021-09-01,50.0097,0.0066,0.0019,0.0068,67.4634,210.6585,87.0781,274.9951,12.4977,-21.2599,14.6033,-21.2825,14.6034,109.9635,0,0.016,208.6273,208.6225,12.5665,-35.3705,0.0688,14.1106,5.9978,110.0214,28.0045,0.1266,13.9165,5.998,-67.5104,0,34.4842,87.0691,-12.4939,-21.3953,16.5497,0,-21.3691,110.0172,16.5488,0,0.008,-12.4846,28.0002,0.0092,14.0034,5.9989,110.0147,-7.3985,0.0118,13.9707,5.9981,36.4444,36.4437,NG
265,"2021-09-01 13:46:00",2021-09-01,50.0073,0.019,0.0056,0.019,67.4578,210.6277,87.083,274.9549,12.4539,-21.2604,14.6164,-21.303,14.6168,109.9928,0,0.0075,208.6801,208.6609,12.5488,-35.4164,0.0949,14.156,5.9998,110.0133,27.9963,0.1154,13.8829,5.9953,-67.4685,0,34.4826,87.0735,-12.5436,-21.399,16.5465,0,-21.3205,110.0001,16.5459,0,0.0751,-12.5248,28.004,0.0188,13.9625,5.9957,110.0084,-7.3576,0.0104,13.963,5.9868,36.396,36.404,NG
265,"2021-09-01 13:50:00",2021-09-01,50.0104,0.0057,0.0029,0.0067,67.4932,210.6522,87.0657,274.9869,12.4727,-21.2846,14.6106,-21.2961,14.6116,109.9508,0,0.0451,208.701,208.7156,12.5204,-35.4139,0.0477,14.1293,5.9878,110.0226,28.0011,0.1195,13.8833,5.9942,-67.5254,0,34.5486,87.0715,-12.5355,-21.45,16.547,0,-21.365,110.0344,16.5503,0,0.0273,-12.5202,28.0031,0.0153,13.9545,5.9953,110.0087,-7.4014,0.041,13.9636,5.9973,36.4247,36.4213,NG
265,"2021-09-01 14:35:00",2021-09-01,50.0154,0.0033,0.0035,0.0038,67.421,210.6092,87.0921,274.9308,12.4816,-21.2072,14.592,-21.2182,14.5881,109.9976,0,0.0594,208.6535,208.6543,12.5089,-35.3583,0.0273,14.1511,5.9975,110.0135,27.9937,0.0432,13.8536,5.9977,-67.4647,0,34.4945,87.0889,-12.5296,-21.458,16.5403,0,-21.3786,110.0203,16.5445,0,0.075,-12.5294,27.9975,0.0002,13.9645,5.9998,110.0062,-7.425,0.0142,13.9536,5.9982,36.3961,36.4021,NG
265,"2021-09-01 17:13:00",2021-09-01,50.0125,0.0021,0.0142,0.0358,67.4614,210.6457,87.1323,274.9785,12.4773,-21.2544,14.6041,-21.2774,14.6013,109.9656,0,0.0013,208.6685,208.6748,12.4988,-35.3477,0.0216,14.0933,5.9979,110.0296,27.9879,0.0855,13.9176,5.9976,-67.468,0,34.5043,87.1388,-12.5256,-21.4947,16.5488,0,-21.4072,110.0369,16.5489,0,0.0761,-12.5092,28.0175,0.0164,13.9612,5.9987,110.0341,-7.4385,0.0193,13.9687,5.9942,36.3825,36.3982,NG
265,"2021-09-01 17:18:00",2021-09-01,50.0129,0.0023,0.0009,0.0025,67.4873,210.6548,87.1379,274.9903,12.4851,-21.2766,14.6045,-21.2916,14.6139,109.9499,0,0.0272,208.6399,208.6419,12.5661,-35.3493,0.0811,14.0727,5.9996,110.0124,28.0137,0.1435,13.956,5.9981,-67.5203,0,34.5552,87.1309,-12.4912,-21.4581,16.5385,0,-21.3519,110.0288,16.55,0,0.0148,-12.4768,27.9991,0.0144,13.9498,5.9848,110.0294,-7.4089,0.0137,13.9429,5.9973,36.4382,36.44,NG
265,"2021-09-01 17:23:00",2021-09-01,50.0123,0.002,0.0109,0.0022,67.4333,210.6341,87.1173,274.9633,12.5017,-21.1941,14.5974,-21.231,14.6071,109.9542,0,0.0455,208.6454,208.6341,12.5157,-35.4212,0.014,14.2271,5.9867,110.0358,27.996,0.0955,13.8057,5.9882,-67.4561,0,34.511,87.1256,-12.5018,-21.4046,16.5502,0,-21.3494,110.0423,16.5492,0,0.0669,-12.516,28.0218,0.0142,13.9785,5.998,110.0144,-7.3613,0.0137,13.9881,5.9983,36.3809,36.3924,NG
265,"2021-09-01 17:27:00",2021-09-01,50.012,0.0052,0.003,0.0052,67.4794,210.6665,87.1321,275.0056,12.4795,-21.2897,14.6023,-21.3223,14.5931,109.9775,0,0.0112,208.6394,208.6423,12.5303,-35.4238,0.0508,14.1341,5.997,110.0155,28.0142,0.0888,13.9127,5.9976,-67.5015,0,34.4879,87.1222,-12.5268,-21.4392,16.5501,0,-21.3744,110.0267,16.5504,0,0.0386,-12.5055,28.0016,0.0214,13.9814,5.9975,110.0246,-7.4191,0.0235,13.9553,5.9984,36.4134,36.4138,NG
265,"2021-09-01 18:29:00",2021-09-01,50.0124,0.0028,0.0049,0.0028,67.4262,210.622,87.1173,274.9475,12.4767,-21.2302,14.5998,-21.2439,14.6087,109.9914,0,0.0462,208.7081,208.7373,12.4908,-35.3677,0.0141,14.1375,5.9978,110.0337,27.9985,0.0564,13.8746,5.997,-67.4643,0,34.5126,87.1306,-12.5252,-21.5054,16.5435,0,-21.3946,110.0049,16.5446,0,0.0634,-12.5249,28.0201,0.0003,13.9546,5.9977,110.0227,-7.4398,0.0175,13.9548,5.998,36.3888,36.4015,NG
265,"2021-09-01 18:33:00",2021-09-01,50.0128,0.0024,0.0017,0.0024,67.463,210.6585,87.1115,274.9951,12.4964,-21.2781,14.5905,-21.3145,14.5951,109.9638,0,0.0153,208.6589,208.6807,12.573,-35.3657,0.0767,14.0876,5.9983,110.0101,27.9835,0.123,13.9323,5.9967,-67.5068,0,34.4951,87.1263,-12.4976,-21.466,16.5402,0,-21.3568,110.0233,16.5458,0,0.0025,-12.4858,28.0009,0.0118,13.9382,5.9981,110.0179,-7.4033,0.0172,13.9535,5.9976,36.4413,36.4463,NG
265,"2021-09-01 18:37:00",2021-09-01,50.0141,0.0033,0.0023,0.0036,67.4712,210.6573,87.1344,274.9936,12.4728,-21.2856,14.6165,-21.283,14.6174,109.9758,0,0.0106,208.6664,208.6602,12.5426,-35.4198,0.0698,14.1342,5.9973,110.0348,27.9899,0.1288,13.8531,5.9966,-67.4749,0,34.4965,87.1296,-12.5248,-21.4234,16.543,0,-21.3308,110.0301,16.5468,0,0.065,-12.5186,28.029,0.0063,13.9557,5.9983,110.037,-7.3502,0.0007,13.9806,5.9973,36.3949,36.4048,NG
265,"2021-09-01 18:41:00",2021-09-01,50.0113,0.0039,0.0024,0.0039,67.4862,210.6562,87.1284,274.9921,12.4753,-21.2861,14.6099,-21.3119,14.6175,109.9641,0,0.0289,208.7146,208.7562,12.5163,-35.4265,0.0411,14.1404,5.9955,110.0185,28.0022,0.0955,13.8876,5.9977,-67.5198,0,34.5531,87.1248,-12.5115,-21.4594,16.544,0,-21.3522,110.0484,16.5465,0,0.016,-12.4943,28.0004,0.0172,13.9373,5.9984,110.0384,-7.3963,0.0272,13.9558,5.9965,36.4218,36.4218,NG
265,"2021-09-01 19:42:00",2021-09-01,50.0097,0.0026,0.0092,0.0028,67.4451,210.6558,87.1345,274.9916,12.4815,-21.2676,14.6175,-21.2909,14.6208,109.9687,0,0.0207,208.7078,208.7389,12.4869,-35.3528,0.0054,14.0852,5.9973,110.029,27.9836,0.0657,13.9216,5.9962,-67.4866,0,34.5285,87.138,-12.518,-21.5018,16.496,0,-21.3832,110.0217,16.4967,0,0.0422,-12.5226,28.014,0.0046,13.9541,5.997,110.0419,-7.4418,0.0248,13.9413,5.9959,36.389,36.4061,NG
265,"2021-09-01 19:47:00",2021-09-01,50.01,0.0029,0.0017,0.0029,67.4715,210.6592,87.1198,274.9961,12.4835,-21.3466,14.6022,-21.3761,14.5938,110.0007,0,0.0123,208.6867,208.7233,12.5642,-35.3659,0.0807,14.0193,5.9974,110.0193,28.0015,0.0994,14.0117,5.9961,-67.5102,0,34.514,87.1332,-12.4968,-21.437,16.493,0,-21.3367,110.0118,16.4847,0,0.0076,-12.4787,27.9958,0.0181,13.9513,5.9961,110.0336,-7.3925,0.0037,13.9442,5.9985,36.445,36.4482,OK
265,"2021-09-01 20:26:00",2021-09-01,50.0095,0.0026,0.0008,0.0031,67.4674,210.6414,87.1326,274.9728,12.4623,-21.3418,14.6156,-21.3395,14.6103,109.969,0,0.0206,208.6773,208.7014,12.5256,-35.4404,0.0633,14.0986,5.9969,110.0131,27.995,0.1074,13.8941,5.9966,-67.4647,0,34.5284,87.1288,-12.5252,-21.4908,16.5399,0,-21.3618,109.9849,16.5474,0,0.0529,-12.5078,28.0187,0.0174,13.8851,5.9968,110.0237,-7.3573,0.0214,14.0045,5.9919,36.4084,36.4051,NG
265,"2021-09-01 20:30:00",2021-09-01,50.0095,0.0027,0.0018,0.0027,67.4868,210.6865,87.13,275.0316,12.4804,-21.3513,14.6114,-21.3499,14.6176,109.9718,0,0.0206,208.7115,208.7419,12.5326,-35.4245,0.0522,14.0732,5.9932,110.0218,28.014,0.1022,13.9394,5.9889,-67.5325,0,34.5688,87.1379,-12.4289,-21.5359,16.5431,0,-21.2377,110.1703,16.5441,0,0.0184,-12.5227,28.0031,0.0937,13.893,5.9975,110.0314,-7.4258,0.0452,13.8118,5.9968,36.4227,36.4251,NG
265,"2021-09-02 09:07:00",2021-09-02,50.0176,0.0027,0.0054,0.0027,67.4759,210.644,87.1544,274.9762,12.5093,-21.3606,14.5908,-21.367,14.5981,109.9715,0,0.0192,208.6754,208.6998,12.5149,-35.3506,0.0056,13.9899,5.9966,110.0159,27.9976,0.05,14.014,5.9953,-67.4658,0,34.4975,87.1521,-12.3925,-21.5171,16.5422,0,-21.2627,110.2194,16.5403,0,0.0364,-12.5239,28.0121,0.1314,13.9221,5.9981,110.0286,-7.4271,0.0594,13.8355,5.9972,36.401,36.4167,NG
265,"2021-09-02 09:17:00",2021-09-02,50.0168,0.0023,0.0019,0.0036,67.4975,210.6479,87.1434,274.9813,12.5152,-21.3892,14.5752,-21.3723,14.59,109.9617,0,0.0014,208.6353,208.6575,12.5722,-35.3666,0.0569,13.9774,5.9944,110.0336,28.0239,0.1288,14.0296,5.9962,-67.5253,0,34.5456,87.1515,-12.4753,-21.516,16.5454,0,-21.3477,110.0426,16.5483,0,0.0287,-12.4871,28.0077,0.0118,13.8921,5.9983,110.0138,-7.4004,0.017,13.9473,5.9971,36.4607,36.4613,NG
265,"2021-09-02 09:26:00",2021-09-02,50.0174,0.0019,0.0082,0.0019,67.4349,210.6155,87.1471,274.939,12.5327,-21.2944,14.5856,-21.3477,14.5749,109.9653,0,0.0805,208.6841,208.6948,12.5446,-35.4114,0.0118,14.117,5.995,110.0154,27.9926,0.0619,13.9289,5.9959,-67.4693,0,34.4957,87.1393,-12.4917,-21.5957,16.536,0,-21.3212,110.1437,16.5394,0,0.0943,-12.5177,28.0142,0.0259,13.7847,5.9914,110.03,-7.3662,0.0878,13.955,5.9971,36.4094,36.4276,NG
265,"2021-09-02 09:43:00",2021-09-02,50.0166,0.0023,0.0033,0.0027,67.4845,210.6579,87.15,274.9944,12.5359,-21.3788,14.5921,-21.3795,14.6068,109.9819,0,0.0423,208.6483,208.6486,12.5386,-35.3942,0.0027,14.0154,5.9901,110.025,28.0209,0.0459,14.0062,5.9809,-67.511,0,34.4923,87.1602,-12.5148,-21.4605,16.5475,0,-21.3924,110.0608,16.5309,0,0.0342,-12.5267,28.0189,0.012,13.9587,5.9973,110.0265,-7.4003,0.0224,13.9922,5.986,36.4274,36.4312,OK
265,"2021-09-02 11:53:00",2021-09-02,50.018,0.0034,0.0073,0.0034,67.4281,210.6281,87.0688,274.9555,12.5458,-21.3395,14.5921,-21.333,14.5864,109.9697,0,0.1026,208.6552,208.6569,12.506,-35.3531,0.0398,14.0136,6.001,110.0256,27.9928,0.0161,13.9727,5.9963,-67.4727,0,34.4854,87.0707,-12.539,-21.4614,16.5113,0,-21.4112,110.0353,16.514,0,0.0839,-12.5191,28.0142,0.0199,13.9851,6.0013,110.0339,-7.4323,0.0213,13.9789,6.0021,36.3782,36.4021,NG
265,"2021-09-02 12:54:00",2021-09-02,50.018,0.0029,0.0043,0.0039,67.4533,210.6463,87.0669,274.9792,12.5229,-21.3846,14.6043,-21.3909,14.6014,109.9894,0,0.0643,208.5981,208.5848,12.5554,-35.3613,0.0325,13.9767,6.0027,110.0377,28.0059,0.0808,14.0355,6.0021,-67.5048,0,34.4978,87.085,-12.4984,-21.4132,16.5104,0,-21.3947,110.0308,16.5081,0,0.009,-12.4704,27.9981,0.028,13.9896,6.0011,110.0328,-7.4047,0.026,13.99,6.0021,36.4339,36.4468,OK
265,"2021-09-02 13:00:00",2021-09-02,50.0165,0.0023,0.004,0.0023,67.4658,210.6439,87.0753,274.9761,12.5191,-21.383,14.5767,-21.4036,14.5803,109.9753,0,0.0409,208.665,208.6565,12.5366,-35.4188,0.0175,14.0358,6.0012,110.0301,27.9952,0.0724,13.9799,6.0017,-67.4669,0,34.5035,87.0843,-12.5227,-21.3922,16.5106,0,-21.3516,110.0183,16.5172,0,0.0649,-12.514,28.0226,0.0086,13.994,6.0015,110.0187,-7.3636,0.0083,13.988,6.0018,36.3799,36.4009,OK
265,"2021-09-02 13:03:00",2021-09-02,50.0171,0.0029,0.0015,0.0031,67.4834,210.6548,87.0725,274.9904,12.5555,-21.383,14.5729,-21.4051,14.5762,109.9486,0,0.0464,208.6533,208.6545,12.5371,-35.4127,0.0184,14.0297,6.0016,110.032,28.0067,0.065,13.9991,6.0011,-67.5295,0,34.553,87.0866,-12.5218,-21.422,16.5213,0,-21.391,110.0417,16.5183,0,0.0133,-12.5256,28.0019,0.0038,13.9948,6.0003,110.017,-7.4149,0.021,13.9761,6.0018,36.4186,36.4259,OK
265,"2021-09-02 13:35:00",2021-09-02,50.0142,0.0021,0.0023,0.0022,67.4895,210.6603,87.0718,274.9974,12.5486,-21.3822,14.5795,-21.3944,14.5814,109.9362,0,0.0272,208.7023,208.735,12.533,-35.4179,0.0156,14.0356,6.0005,110.0214,28.0086,0.0697,13.9851,6.0013,-67.5301,0,34.5652,87.0887,-12.5112,-21.4267,16.5099,0,-21.3878,110.0431,16.5133,0,0.0026,-12.5165,27.9951,0.0053,13.9858,6.0023,110.0236,-7.4174,0.0142,13.9704,6.003,36.4119,36.4264,OK
265,"2021-09-02 18:08:00",2021-09-02,50.0155,0.0033,0.0084,0.0037,67.4353,210.6367,87.1029,274.9667,12.5344,-21.3239,14.5873,-21.3241,14.5989,109.9976,0,0.0979,208.6593,208.668,12.5009,-35.3513,0.0336,14.0274,6.0018,110.0342,27.9941,0.003,13.967,6.0016,-67.4728,0,34.5094,87.1113,-12.5063,-21.4553,16.5086,0,-21.4179,110.0537,16.5083,0,0.0603,-12.5289,28.0192,0.0226,13.998,6.0017,110.0179,-7.4341,0.0132,13.9838,6.0024,36.3812,36.3872,OK
265,"2021-09-02 18:12:00",2021-09-02,50.0136,0.0034,0.0048,0.0034,67.47,210.6632,87.0923,275.0013,12.5691,-21.3869,14.5995,-21.409,14.6008,109.9546,0,0.0763,208.64,208.6342,12.572,-35.3393,0.003,13.9524,6.0019,110.0303,27.9914,0.0787,14.0611,6.0017,-67.5056,0,34.4863,87.097,-12.4722,-21.4362,16.5089,0,-21.3839,110.0513,16.5118,0,0.0077,-12.4804,28.0222,0.0082,13.9885,6.002,110.0182,-7.4025,0.0249,13.9815,6.0021,36.4375,36.4347,OK
265,"2021-09-02 18:16:00",2021-09-02,50.0144,0.0048,0.003,0.005,67.4507,210.6501,87.1056,274.9842,12.5675,-21.3605,14.5882,-21.3963,14.5889,109.9352,0,0.0844,208.6364,208.6002,12.5385,-35.3979,0.029,14.0373,6.0012,110.0358,28.002,0.0716,14.0004,6.0004,-67.4632,0,34.4863,87.1052,-12.5219,-21.3888,16.5142,0,-21.3561,110.0083,16.5172,0,0.0628,-12.5082,28.0274,0.0137,14.0072,6.0005,110.0284,-7.3687,0.0065,13.9874,6.0013,36.3871,36.3896,OK
265,"2021-09-02 18:20:00",2021-09-02,50.0136,0.0028,0.0029,0.0028,67.4977,210.6775,87.1033,275.0199,12.5635,-21.3796,14.5904,-21.3771,14.5903,109.9498,0,0.0407,208.6511,208.6473,12.5415,-35.4004,0.022,14.0208,6.0011,110.027,28.0138,0.0552,13.9906,5.9998,-67.526,0,34.5522,87.0959,-12.5116,-21.5008,16.5067,0,-21.4484,110.0598,16.5084,0,0.0154,-12.5183,27.9921,0.0068,13.9639,5.9958,110.0211,-7.4727,0.0319,13.9758,6.0001,36.4109,36.4091,NG
265,"2021-09-02 19:00:00",2021-09-02,50.0131,0.003,0.0016,0.0033,67.4971,210.6774,87.1048,275.0199,12.5654,-21.4245,14.5912,-21.4305,14.591,109.95,0,0.0432,208.6493,208.6469,12.5409,-35.4465,0.0245,14.022,5.9993,110.0298,28.0056,0.0552,13.9896,5.9996,-67.5283,0,34.5508,87.0976,-12.5114,-21.5005,16.5083,0,-21.4427,110.06,16.5068,0,0.0131,-12.5185,27.9941,0.0071,13.9621,5.9974,110.0207,-7.4685,0.0323,13.9743,6,36.4103,36.4086,NG
265,"2021-09-02 19:32:00",2021-09-02,50.0148,0.0047,0.0055,0.0047,67.4702,210.6433,87.1178,274.9753,12.5482,-21.3877,14.5779,-21.4068,14.5748,109.9716,0,0.0638,208.6515,208.6234,12.5382,-35.4282,0.01,14.0405,5.9971,110.0449,28.0082,0.0632,13.9867,6.0012,-67.4728,0,34.4998,87.1174,-12.5253,-21.4256,16.5071,0,-21.3528,110.055,16.5077,0,0.08,-12.5223,28.0135,0.0029,13.9501,6.0024,110.0168,-7.3622,0.0412,13.9906,6.0022,36.3768,36.38,OK
265,"2021-09-02 19:36:00",2021-09-02,50.0138,0.0027,0.0013,0.003,67.4784,210.6797,87.1029,275.0229,12.5525,-21.4232,14.5844,-21.4657,14.5833,109.9713,0,0.0597,208.6297,208.603,12.541,-35.445,0.0115,14.0218,6,110.0355,28.002,0.0527,14.0228,5.9996,-67.5286,0,34.5391,87.0965,-12.5112,-21.4007,16.5082,0,-21.3328,110.0404,16.5057,0,0.0029,-12.5285,28.0576,0.0173,14.004,6.0008,110.014,-7.3471,0.0092,13.9857,5.9995,36.4089,36.4075,OK
265,"2021-09-03 08:11:00",2021-09-03,50.0153,0.0017,0.0044,0.0022,67.4351,210.6135,87.0826,274.9365,12.4424,-21.4142,14.6199,-21.3971,14.6356,109.9933,0,0.004,208.6835,208.7125,12.5067,-35.363,0.0643,13.9488,6.0001,110.0268,27.9836,0.0977,14.0177,5.9999,-67.4874,0,34.5019,87.0974,-12.5491,-21.4037,16.5123,0,-21.368,110.0335,16.5148,0,0.0785,-12.542,28.0033,0.0071,13.9857,6.0015,110.0245,-7.3862,0.0161,13.9819,6.0017,36.398,36.4082,OK
265,"2021-09-03 08:36:00",2021-09-03,50.0157,0.0036,0.0046,0.0039,67.4337,210.614,87.0825,274.937,12.6882,-22.9908,13.7446,-22.0858,14.6309,109.9493,0,0.2292,207.6795,208.8412,12.6804,-36.0271,0.0078,13.0363,6.0012,110.0298,27.9795,0.0726,14.0382,5.9993,-67.4894,0,34.4971,87.0916,-12.5478,-21.4003,16.5126,0,-21.3621,110.0328,16.5155,0,0.0748,-12.5409,28.0058,0.0069,13.9857,6.0022,110.0237,-7.3803,0.016,13.9818,6.0023,36.3971,36.4077,NG
265,"2021-09-03 09:01:00",2021-09-03,50.0089,0.003,0.0043,0.0034,67.4368,210.6133,87.0758,274.9361,12.4482,-21.4107,14.6208,-21.3949,14.6368,109.9932,0,0.008,208.6889,208.7182,12.511,-35.3578,0.0629,13.9471,6.0009,110.0284,27.9822,0.098,14.0193,6.0009,-67.4893,0,34.4974,87.0904,-12.5479,-21.4003,16.5125,0,-21.3624,110.0331,16.5149,0,0.0751,-12.5412,28.0044,0.0067,13.9854,6.002,110.0242,-7.3813,0.0156,13.9811,6.0015,36.3984,36.4091,NG
265,"2021-09-03 09:49:00",2021-09-03,50.0089,0.0027,0.0032,0.0066,67.481,210.6373,87.069,274.9675,12.4216,-21.4404,14.6232,-21.4393,14.6278,109.9961,0,0.0613,208.6526,208.6574,12.5866,-35.3528,0.165,13.9124,6.002,110.0282,28.0012,0.1971,14.0877,6.0014,-67.5096,0,34.4986,87.0893,-12.4927,-21.362,16.5111,0,-21.3449,110.027,16.5126,0,0.0034,-12.4856,27.9931,0.0071,13.9932,6.0025,110.0242,-7.3621,0.0099,13.9828,6.0033,36.4484,36.4564,NG
265,"2021-09-03 10:01:00",2021-09-03,50.0169,0.0029,0.0085,0.0082,67.4677,210.6327,87.073,274.9615,12.4453,-21.4244,14.6314,-21.4861,14.6347,109.9881,0,0.0284,208.6796,208.6738,12.5456,-35.4097,0.1003,13.9853,6.0014,110.0381,27.9948,0.1504,14.0712,6.0022,-67.4655,0,34.5048,87.0775,-12.5323,-21.3402,16.5142,0,-21.3019,110.0295,16.5183,0,0.0815,-12.5274,28.0165,0.0049,13.9908,6.0018,110.0154,-7.3146,0.0191,13.9874,6.0035,36.4006,36.4039,NG
265,"2021-09-03 10:18:00",2021-09-03,50.0055,0.0075,0.0031,0.0075,67.4978,210.6283,87.0688,274.9557,12.4576,-21.449,14.6209,-21.4746,14.6264,110.013,0,0.0338,208.6577,208.6686,12.5583,-35.4078,0.1007,13.9588,6,110.0279,28.0206,0.1156,14.0874,6.0003,-67.5445,0,34.5506,87.0915,-12.5505,-21.37,16.5101,0,-21.3362,110.0348,16.5146,0,0.0234,-12.5223,28.0009,0.0282,13.98,6.0032,110.0344,-7.3492,0.0286,13.987,6.0028,36.4298,36.4278,NG
265,"2021-09-03 13:16:00",2021-09-03,50.0038,0.0081,0.0061,0.0081,67.4369,210.6119,87.2549,274.9342,12.4482,-21.385,14.5867,-21.4092,14.5839,109.9728,0,0.0023,208.6773,208.6685,12.5066,-35.3397,0.0584,13.9547,5.9987,110.0442,27.9786,0.1298,14.0482,6.0007,-67.4736,0,34.4799,87.2609,-12.5191,-21.4263,16.5202,0,-21.3689,110.0613,16.5238,0,0.0762,-12.533,27.9971,0.014,13.9711,6.0001,110.0178,-7.4003,0.0295,13.9686,6.0017,36.3773,36.3971,NG
265,"2021-09-03 13:20:00",2021-09-03,50.0048,0.002,0.0024,0.0029,67.4672,210.6336,87.2436,274.9626,12.4219,-21.4198,14.6091,-21.4255,14.5924,109.9706,0,0.0599,208.6497,208.6549,12.5617,-35.3553,0.1398,13.9355,6.0004,110.0379,28.0002,0.207,14.0703,6.0001,-67.5021,0,34.4739,87.256,-12.4761,-21.3842,16.5219,0,-21.3411,110.0446,16.5167,0,0.0037,-12.4684,27.9992,0.0077,13.9724,6.0006,110.021,-7.3573,0.0312,13.9837,6.0005,36.4326,36.4406,NG
265,"2021-09-03 13:24:00",2021-09-03,50.0069,0.0024,0.0112,0.0029,67.4618,210.6315,87.2605,274.9599,12.4384,-21.4269,14.575,-21.4688,14.5842,109.971,0,0.0379,208.6792,208.6757,12.5332,-35.4049,0.0947,13.978,5.9995,110.033,27.9922,0.1567,14.0562,5.9998,-67.4635,0,34.4733,87.2629,-12.4958,-21.3541,16.5176,0,-21.2978,110.0942,16.5224,0,0.0794,-12.5099,28.0176,0.0141,13.9866,5.9997,110.0235,-7.3231,0.0566,13.9747,6.0022,36.3827,36.3994,NG
265,"2021-09-03 13:30:00",2021-09-03,50.0076,0.0033,0.0045,0.004,67.5048,210.6467,87.2553,274.9798,12.4267,-21.4565,14.5762,-21.4981,14.5856,110.008,0,0.0741,208.6771,208.687,12.5406,-35.399,0.1139,13.9425,5.9994,110.0245,28.0054,0.1304,14.1045,5.999,-67.5299,0,34.5239,87.2475,-12.5075,-21.3593,16.5193,0,-21.3323,110.0694,16.5161,0,0.0123,-12.5163,27.9867,0.0087,13.9829,5.9996,110.0181,-7.3555,0.0425,13.9767,6.0019,36.415,36.4189,NG
265,"2021-09-03 14:36:00",2021-09-03,50.0067,0.0042,0.0063,0.0042,67.4431,210.6494,87.2565,274.9833,12.4914,-21.3753,14.6192,-21.4144,14.5904,109.977,0,0.0368,208.6479,208.6481,12.4831,-35.3338,0.0083,13.9584,6.0012,110.0284,27.9821,0.0431,14.0627,6.0011,-67.4859,0,34.4865,87.2571,-12.53,-21.4369,16.5223,0,-21.3837,110.0524,16.5216,0,0.0703,-12.5218,28.0009,0.0082,13.966,6.0022,110.0246,-7.4021,0.036,13.9816,6.0016,36.3628,36.3836,NG
265,"2021-09-03 14:40:00",2021-09-03,50.0059,0.0027,0.0031,0.0034,67.4861,210.6453,87.2522,274.9779,12.4556,-21.4081,14.6131,-21.4268,14.6352,109.9781,0,0.0415,208.6478,208.6473,12.5497,-35.3492,0.0942,13.941,6.002,110.0252,27.9993,0.1413,14.0769,6.0012,-67.5196,0,34.5006,87.2718,-12.4735,-21.3658,16.5304,0,-21.3598,110.0642,16.5142,0,0.014,-12.4806,28.0049,0.0071,14.0025,6.0018,110.0252,-7.3634,0.0319,13.9964,6.001,36.4239,36.4286,NG
265,"2021-09-03 14:44:00",2021-09-03,50.0072,0.0033,0.0052,0.0033,67.4781,210.6318,87.2689,274.9603,12.4889,-21.423,14.598,-21.4602,14.5854,109.9631,0,0.0077,208.6592,208.6445,12.5141,-35.3917,0.0252,13.9687,6.0004,110.038,28.0006,0.1002,14.0691,6.0015,-67.4773,0,34.4987,87.274,-12.532,-21.3816,16.5244,0,-21.2878,110.0497,16.5203,0,0.0796,-12.5174,28.0236,0.0146,13.9739,6.0015,110.0185,-7.3318,0.0459,13.956,6.0039,36.3646,36.3855,NG
265,"2021-09-03 14:49:00",2021-09-03,50.0075,0.0038,0.0153,0.0041,67.4984,210.6583,87.2643,274.9949,12.4962,-21.4481,14.5801,-21.5132,14.5844,109.9764,0,0.014,208.6876,208.7313,12.4976,-35.4214,0.0014,13.9733,6.0022,110.0358,28.0162,0.0608,14.1081,6.0003,-67.5293,0,34.5486,87.2747,-12.5219,-21.3584,16.5305,0,-21.3892,110.034,16.5349,0,0.0096,-12.5098,27.9914,0.0121,13.9962,6.0025,110.0273,-7.3632,0.0188,14.026,6.0024,36.4014,36.4034,NG
265,"2021-09-06 09:54:00",2021-09-06,50.012,0.0033,0.0085,0.0033,67.4431,210.6022,87.0909,274.9217,12.4736,-21.3159,14.6037,-21.3299,14.6127,109.9742,0,0.0176,208.6493,208.6653,12.4712,-35.3549,0.0024,14.039,6.0016,110.0232,27.9936,0.0465,13.9686,5.9989,-67.4747,0,34.5033,87.0915,-12.5321,-21.4206,16.5512,0,-21.3487,110.0255,16.5495,0,0.0702,-12.5203,28.0071,0.0118,13.9643,6.002,110.0218,-7.3779,0.0155,13.9709,6.0015,36.3683,36.3721,OK
265,"2021-09-06 10:02:00",2021-09-06,50.0149,0.0023,0.0037,0.0023,67.4775,210.6147,87.0638,274.938,12.496,-21.3402,14.6099,-21.3499,14.6172,109.9427,0,0.0102,208.6453,208.6697,12.527,-35.3484,0.031,14.0082,6.0007,110.0273,28.0114,0.1157,14.0129,6.0007,-67.5012,0,34.4993,87.0979,-12.4668,-21.3903,16.5493,0,-21.3325,110.0358,16.5514,0,0.0165,-12.4678,28.0095,0.001,13.9673,6.0021,110.0235,-7.3481,0.0113,13.9844,6.0018,36.4263,36.4208,NG
265,"2021-09-06 10:11:00",2021-09-06,50.0163,0.0036,0.0026,0.0043,67.4754,210.6154,87.0746,274.9389,12.4477,-21.3508,14.6074,-21.3742,14.6175,109.9723,0,0.0416,208.6523,208.6553,12.496,-35.3995,0.0483,14.0487,6.0011,110.0266,27.9885,0.1026,13.9633,6.0016,-67.4653,0,34.5056,87.0964,-12.5034,-21.3483,16.5495,0,-21.2832,110.0148,16.5437,0,0.0455,-12.4977,28.0143,0.0057,13.9753,6.0017,110.0212,-7.3094,0.0006,13.9739,6.0012,36.3748,36.3741,NG
265,"2021-09-06 10:29:00",2021-09-06,50.015,0.0024,0.0027,0.0026,67.4994,210.6445,87.094,274.9768,12.5112,-21.3723,14.617,-21.3973,14.6237,109.9063,0,0.0351,208.6409,208.671,12.4943,-35.4093,0.0168,14.037,6.0014,110.0207,28.0046,0.0976,13.9926,5.9997,-67.5145,0,34.5599,87.103,-12.4929,-21.3669,16.5539,0,-21.3166,110.0702,16.5594,0,0.0135,-12.4967,27.9998,0.0038,13.9723,6.0018,110.0291,-7.3394,0.0373,13.9772,6.0011,36.4039,36.3985,OK
265,"2021-09-06 13:29:00",2021-09-06,50.0163,0.0118,0.0082,0.0119,67.437,210.6325,87.1381,274.9612,12.4956,-21.3035,14.5705,-21.3046,14.5639,109.9499,0,0.0336,208.6512,208.6555,12.4837,-35.3451,0.012,14.0415,6.0004,110.0281,27.9934,0.0662,13.9529,6.0007,-67.4832,0,34.4717,87.1525,-12.5365,-21.4267,16.5325,0,-21.3816,110.0478,16.5262,0,0.0772,-12.5299,28.0051,0.0066,13.9659,6.0012,110.0291,-7.3875,0.0253,13.9941,6.0013,36.3707,36.3745,NG
265,"2021-09-06 13:42:00",2021-09-06,50.0132,0.0084,0.0014,0.0084,67.4885,210.6461,87.1431,274.9789,12.4959,-21.364,14.5625,-21.3852,14.566,109.9221,0,0.0316,208.6583,208.6829,12.4992,-35.4011,0.0033,14.0371,5.9997,110.0212,28.0097,0.1025,13.9938,6.0005,-67.5177,0,34.5536,87.1486,-12.5279,-21.3794,16.5266,0,-21.3014,110.0075,16.5353,0,0.0139,-12.509,28.0141,0.0189,13.9676,6.0002,110.0201,-7.3329,0.0063,13.9685,5.9988,36.4042,36.4002,NG
265,"2021-09-06 13:47:00",2021-09-06,50.0143,0.0049,0.0013,0.0052,67.4877,210.6449,87.1403,274.9774,12.495,-21.3644,14.5635,-21.3837,14.5669,109.9226,0,0.0314,208.6584,208.6834,12.4988,-35.4015,0.0038,14.0372,5.9992,110.0209,28.0117,0.1021,13.9939,6.0005,-67.5171,0,34.5544,87.1493,-12.5283,-21.3801,16.5254,0,-21.3021,110.0068,16.5346,0,0.0146,-12.5088,28.0139,0.0195,13.9674,5.9998,110.0216,-7.3337,0.0047,13.9684,5.9967,36.4042,36.4007,NG
265,"2021-09-06 14:29:00",2021-09-06,50.0138,0.0065,0.0013,0.0065,67.4272,210.6453,87.1512,274.9779,12.4933,-21.3058,14.5673,-21.3264,14.5568,109.9658,0,0.049,208.6514,208.6397,12.4761,-35.3452,0.0172,14.0394,5.9979,110.0327,27.9903,0.0497,13.9714,5.998,-67.4645,0,34.502,87.1462,-12.5332,-21.4025,16.5161,0,-21.3556,110.0658,16.5232,0,0.1016,-12.5245,28.0016,0.0087,13.9952,5.9987,110.0165,-7.396,0.0579,13.9596,5.9994,36.3712,36.3769,NG
265,"2021-09-06 14:48:00",2021-09-06,50.0127,0.0051,0.0041,0.0051,67.4798,210.6397,87.1371,274.9706,12.4986,-21.3533,14.564,-21.3455,14.5588,109.9553,0,0.0036,208.6247,208.63,12.5454,-35.3489,0.0468,13.9956,5.9983,110.023,28.0097,0.1144,14.0063,5.9984,-67.5087,0,34.5021,87.1602,-12.4615,-21.4192,16.5194,0,-21.3523,110.0899,16.5215,0,0.0023,-12.4871,27.997,0.0257,13.9464,5.998,110.0258,-7.3686,0.0385,13.9837,5.9991,36.4283,36.4266,NG
265,"2021-09-06 15:38:00",2021-09-06,50.0165,0.0038,0.0033,0.0081,67.4658,210.6332,87.1514,274.9621,12.446,-21.3436,14.5639,-21.3837,14.5694,109.968,0,0.0358,208.6571,208.6852,12.5084,-35.401,0.0623,14.0575,5.9993,110.0277,27.9938,0.1221,13.9764,5.9995,-67.4594,0,34.4936,87.1513,-12.4744,-21.376,16.5263,0,-21.3052,110.049,16.5219,0,0.0395,-12.5113,28.015,0.0369,13.9578,5.9919,110.0226,-7.3187,0.0105,13.9865,6.0011,36.3749,36.3766,NG
265,"2021-09-06 15:49:00",2021-09-06,50.0153,0.0023,0.0017,0.0024,67.5071,210.6431,87.1491,274.9751,12.4889,-21.3629,14.5633,-21.3675,14.5679,109.9335,0,0.0514,208.6653,208.6863,12.5096,-35.4021,0.0207,14.0392,5.997,110.0274,28.0278,0.1145,13.9931,5.9985,-67.5157,0,34.5461,87.154,-12.5155,-21.3583,16.5394,0,-21.3404,110.0523,16.5283,0,0.0259,-12.5047,27.9958,0.0108,13.9871,6.001,110.027,-7.3497,0.0361,13.9907,6.0009,36.405,36.3996,NG
265,"2021-09-07 09:39:00",2021-09-07,50.0163,0.0018,0.0073,0.0018,67.4312,210.6138,87.0811,274.9367,12.4874,-21.3291,14.675,-21.35,14.6888,109.9609,0,0.0366,208.6737,208.6806,12.4691,-35.3692,0.0183,14.0401,6.0012,110.0216,28.0153,0.0425,13.996,6.0015,-67.4775,0,34.5133,87.0852,-12.5015,-21.3801,16.5144,0,-21.3311,110.0566,16.5255,0,0.0523,-12.5234,27.9859,0.0219,13.9734,5.9703,110.0067,-7.3676,0.028,13.9634,5.9999,36.3948,36.4145,NG
265,"2021-09-07 09:43:00",2021-09-07,50.0145,0.0071,0.0044,0.0071,67.4745,210.6297,87.0782,274.9576,12.4826,-21.3665,14.6778,-21.386,14.6718,109.9736,0,0.0052,208.6527,208.669,12.5297,-35.3706,0.0471,14.0042,6.0003,110.0278,27.9988,0.1014,14.0142,6.0007,-67.4983,0,34.5081,87.0989,-12.4507,-21.3554,16.5393,0,-21.3427,110.0561,16.5415,0,0.0196,-12.4671,28.003,0.0164,13.9947,6.0012,110.0208,-7.347,0.0188,13.9956,6.003,36.4538,36.4551,NG
265,"2021-09-07 10:03:00",2021-09-07,50.0155,0.004,0.0039,0.004,67.4709,210.6521,87.0945,274.9868,12.484,-21.3738,14.6681,-21.4213,14.6687,109.9186,0,0.0276,208.6787,208.6578,12.4994,-35.416,0.0154,14.0422,5.9981,110.0374,27.9783,0.1342,13.9836,5.9781,-67.4693,0,34.5097,87.1054,-12.4864,-21.373,16.5218,0,-21.3081,110.069,16.5167,0,0.0517,-12.5128,28.0078,0.0264,13.9616,5.9882,110.0205,-7.3268,0.0221,13.9813,5.9786,36.3994,36.4173,NG
265,"2021-09-07 10:26:00",2021-09-07,50.0063,0.0257,0.0095,0.0257,67.4981,210.6608,87.0981,274.9981,12.459,-21.376,14.6784,-21.4564,14.6848,109.9898,0,0.0442,208.6931,208.7284,12.4898,-35.4276,0.0308,14.0516,6.0004,110.0309,28.0005,0.072,14.0293,5.9995,-67.5234,0,34.5624,87.0998,-12.5166,-21.3628,16.5368,0,-21.3155,110.0537,16.5365,0,0.02,-12.5001,28.0024,0.0164,13.9748,6.0012,110.0265,-7.3352,0.0437,13.9802,6.0014,36.4279,36.4335,NG
265,"2021-09-07 13:18:00",2021-09-07,50.0175,0.0045,0.0048,0.0045,67.4675,210.6416,87.1126,274.9731,12.4755,-21.3489,14.6791,-21.3958,14.6768,109.9576,0,0.0132,208.682,208.6581,12.4878,-35.4093,0.0123,14.0604,5.9997,110.0393,27.996,0.0941,13.9825,6.0008,-67.4514,0,34.5031,87.1043,-12.479,-21.3561,16.5332,0,-21.2656,110.0618,16.5316,0,0.0584,-12.4917,28.0105,0.0127,13.9592,6.0013,110.021,-7.3048,0.0281,13.9608,5.9997,36.4089,36.4013,NG
265,"2021-09-07 14:15:00",2021-09-07,50.0166,0.003,0.0104,0.003,67.4242,210.6271,87.0895,274.9542,12.4876,-21.3146,14.6788,-21.3622,14.6885,109.9506,0,0.0388,208.6749,208.6743,12.4456,-35.3672,0.042,14.0527,6.0004,110.0443,27.9993,0.0517,13.9943,5.9988,-67.4499,0,34.4979,87.0895,-12.4991,-21.4133,16.5357,0,-21.3547,110.045,16.5377,0,0.0717,-12.5095,28.0075,0.0104,13.9679,6.0018,110.0167,-7.3737,0.018,13.981,6.0018,36.4174,36.4117,OK
265,"2021-09-07 14:25:00",2021-09-07,50.0159,0.0024,0.0037,0.0047,67.4679,210.6388,87.0911,274.9694,12.4687,-21.358,14.6747,-21.3509,14.6753,109.9995,0,0.0006,208.6335,208.6371,12.5245,-35.3596,0.0558,14.0016,5.9996,110.0298,27.9929,0.0861,13.9843,6.0001,-67.4812,0,34.4959,87.0985,-12.4618,-21.3796,16.529,0,-21.3403,110.0565,16.5278,0,0.0088,-12.4598,28.0059,0.0019,13.9678,6.0004,110.0173,-7.3414,0.0411,13.9989,6.0001,36.4615,36.4481,OK
265,"2021-09-07 14:31:00",2021-09-07,50.0152,0.0034,0.0054,0.0058,67.4794,210.6403,87.0937,274.9714,12.4629,-21.3594,14.6844,-21.4052,14.6831,109.9763,0,0.0284,208.6912,208.6723,12.4914,-35.4158,0.0286,14.0564,6.0007,110.0347,28.0023,0.0869,13.9917,6.0006,-67.4516,0,34.5,87.098,-12.4789,-21.3256,16.531,0,-21.3106,110.0567,16.5291,0,0.0557,-12.4971,28.0118,0.0181,13.9896,6.0006,110.0248,-7.3033,0.0138,14.0074,6.0011,36.4214,36.4082,OK
265,"2021-09-07 14:43:00",2021-09-07,50.0114,0.0043,0.0012,0.0064,67.4895,210.6608,87.1074,274.9981,12.4727,-21.3911,14.6804,-21.4429,14.6848,109.9826,0,0.0256,208.6742,208.6767,12.4904,-35.4031,0.0177,14.012,5.9998,110.018,27.9812,0.0531,14.021,6.0008,-67.5131,0,34.5536,87.1079,-12.5233,-21.3536,16.5248,0,-21.3268,110.0112,16.5395,0,0.0158,-12.5033,28.0004,0.02,13.9838,5.9991,110.0207,-7.3371,0.0106,13.9897,6.0011,36.4329,36.4234,OK
303,"2021-09-15 14:51:00",2021-09-15,54.0202,0.0036,0.0033,0.0036,67.5401,210.6912,89.0812,275.0378,12.631,-21.2854,14.5998,-21.3006,14.6046,0,109.9965,0.0891,0,0,11.0175,28.0128,1.6135,14.2016,6,111.5256,-7.4742,0.0844,13.8264,6,-67.5312,0,38.3649,89.0684,-12.6648,-21.659,16.5437,0.0473,109.8534,-21.4475,16.5442,0.034,0.0603,-11.0492,28.0285,1.6156,13.9092,6.0012,111.5387,-7.5396,0.0697,13.9079,6.0034,38.5607,38.545,NG
303,"2021-09-15 14:55:00",2021-09-15,54.0198,0.0033,0.0028,0.0033,67.5932,210.672,89.0885,275.0127,12.7271,-21.3915,14.6068,-21.3982,14.6063,0,109.9933,0.1306,0,0,11.0098,28.004,1.7173,14.0606,5.9987,111.5279,-7.4481,0.1827,13.9501,6.0006,-67.5587,0,38.3594,89.0748,-12.566,-21.5605,16.5598,0.0146,109.9721,-21.4589,16.5395,0.0214,0.0067,-11.0652,28.0171,1.5009,13.964,5.9919,111.5067,-7.5075,0.0338,13.9515,5.9992,38.65,38.5903,NG
303,"2021-09-15 14:59:00",2021-09-15,54.0197,0.004,0.0011,0.0042,67.4918,210.7266,89.0887,275.084,12.658,-21.3963,14.6077,-21.3891,14.6178,0,109.9986,0.1655,0,0,11.0039,28.0185,1.6541,14.1416,5.9876,111.5208,-7.5193,0.1319,13.8698,5.9822,-67.5252,0,38.361,89.0717,-12.5517,-21.5123,16.5363,0.0644,109.9337,-21.3583,16.5388,0.0258,0.0067,-11.0437,27.9958,1.5079,13.9507,5.9903,111.5322,-7.4673,0.0905,13.891,5.9799,38.49,38.4692,NG
303,"2021-09-15 15:04:00",2021-09-15,54.0199,0.0054,0.0024,0.0058,67.5133,210.648,89.0954,274.9814,12.6166,-21.3889,14.6091,-21.4106,14.6081,0,110.014,0.1103,0,0,11.0345,27.9962,1.5821,14.0926,5.9896,111.5343,-7.4853,0.0618,13.9252,5.9997,-67.6209,0,38.4002,89.0716,-12.6528,-21.5561,16.54,0.0179,109.8947,-21.3991,16.5327,0.0623,0.0207,-11.0653,27.9855,1.5874,13.893,5.994,111.5397,-7.4636,0.0575,13.9355,5.9921,38.4762,38.473,NG
303,"2021-09-15 16:16:00",2021-09-15,54.0149,0.0029,0.003,0.0037,67.5485,210.6886,89.084,275.0344,12.5237,-21.4988,14.6046,-21.4911,14.6021,0,109.9922,0.0286,0,0,11.013,27.9999,1.5108,13.9665,5.9932,111.5307,-7.4654,0.0277,14.0257,5.9891,-67.5273,0,38.3571,89.0642,-12.5925,-21.581,16.5366,0.0783,109.9367,-21.51,16.534,0.0313,0.0336,-11.0563,28.0084,1.5362,13.9676,5.9932,111.5258,-7.5402,0.0529,13.9698,5.9947,38.3944,38.3965,NG
303,"2021-09-15 16:24:00",2021-09-15,54.0134,0.0047,0.0026,0.0049,67.5906,210.6487,89.0858,274.9823,12.4751,-21.4905,14.609,-21.498,14.6226,0,110.0216,0.1047,0,0,11.0158,28.0107,1.4594,13.9546,6.0051,111.5288,-7.4343,0.0479,14.0637,6.0033,-67.5531,0,38.3565,89.0765,-12.598,-21.5204,16.5441,0.0204,109.9519,-21.4746,16.54,0.0992,0.0208,-11.0595,28.0328,1.5385,14.0241,5.9969,111.5211,-7.5116,0.0307,13.963,5.9994,38.4036,38.3328,NG
303,"2021-09-15 16:28:00",2021-09-15,54.0166,0.0058,0.0026,0.0058,67.5037,210.7202,89.0823,275.0757,12.5047,-21.4772,14.5984,-21.4911,14.6115,0,110.0193,0.0107,0,0,11.0178,27.9917,1.4869,14.0554,5.9965,111.5325,-7.5409,0.0264,13.9502,5.9996,-67.5311,0,38.374,89.081,-12.5615,-21.5033,16.5393,0.0763,109.9924,-21.4261,16.5381,0.0114,0.0266,-11.0346,28.0066,1.5269,13.9607,5.9981,111.5411,-7.4574,0.0218,13.9687,5.9981,38.4396,38.4132,NG
303,"2021-09-15 16:33:00",2021-09-15,54.016,0.0048,0.0077,0.0118,67.5063,210.6783,89.0878,275.0209,12.5209,-21.4847,14.6064,-21.4877,14.5968,0,109.9902,0.0097,0,0,11.0423,28.0071,1.4786,14.0044,5.9995,111.5283,-7.482,0.0594,14.0057,5.9995,-67.6207,0,38.3978,89.0688,-12.632,-21.4855,16.5502,0.0613,109.9438,-21.4037,16.5408,0.1153,0.0168,-11.067,27.988,1.565,13.9543,6.0002,111.5212,-7.4518,0.0123,13.9518,5.9999,38.4113,38.416,NG
303,"2021-09-15 18:54:00",2021-09-15,54.0131,0.0036,0.003,0.0039,67.5534,210.7009,89.0924,275.0505,12.5355,-21.504,14.5951,-21.4949,14.6006,0,109.9961,0.0198,0,0,11.0317,28.0021,1.5038,13.965,6.0011,111.5299,-7.4668,0.03,14.0281,6.0008,-67.5297,0,38.3639,89.07,-12.5016,-21.5702,16.5139,0.0321,110.0104,-21.5095,16.5144,0.0298,0.0229,-11.0007,28.0087,1.5009,13.974,6.0016,111.5349,-7.5355,0.0236,13.974,5.9998,38.3966,38.3951,OK
303,"2021-09-15 18:58:00",2021-09-15,54.0138,0.0023,0.0022,0.0048,67.5917,210.6339,89.0846,274.963,12.5156,-21.4886,14.602,-21.4934,14.6055,0,109.9949,0.0787,0,0,11.0276,28.0109,1.4881,13.9454,6.0008,111.5203,-7.4232,0.0374,14.0702,6.0014,-67.554,0,38.3783,89.0804,-12.4971,-21.5544,16.5111,0.0334,110.0146,-21.473,16.5148,0.0305,0.0496,-11.0029,28.0122,1.4942,13.9694,5.9984,111.5262,-7.5115,0.0174,13.9614,6.0022,38.4122,38.3355,OK
303,"2021-09-15 19:03:00",2021-09-15,54.0152,0.0036,0.0041,0.004,67.4912,210.7293,89.0926,275.0875,12.5012,-21.4672,14.6,-21.4663,14.6098,0,110.0241,0.0221,0,0,11.0204,27.9763,1.4809,14.0302,5.9994,111.5292,-7.5211,0.0242,13.9452,6.0022,-67.5337,0,38.3658,89.0715,-12.5215,-21.522,16.5165,0.0323,110.0157,-21.4859,16.5162,0.0109,0.0043,-11.031,28.0056,1.4905,13.9734,6.003,111.5235,-7.4898,0.0172,13.996,6.0023,38.4449,38.4227,OK
303,"2021-09-15 19:08:00",2021-09-15,54.0151,0.004,0.0029,0.0043,67.5056,210.64,89.0844,274.971,12.5185,-21.5199,14.6045,-21.5327,14.6109,0,110.0124,0.0191,0,0,11.0397,28.012,1.4788,13.9896,5.9981,111.5383,-7.4976,0.0471,14.0351,5.998,-67.6261,0,38.3993,89.0635,-12.514,-21.5146,16.5162,0.0238,110.01,-21.4664,16.5169,0.001,0.1071,-10.9974,27.9998,1.5167,13.9771,5.9941,111.543,-7.4919,0.0163,13.9746,5.9983,38.4281,38.4353,OK
303,"2021-09-16 09:09:00",2021-09-16,54.0193,0.0034,0.0021,0.0038,67.4759,210.6941,89.1147,275.0417,12.3864,-21.4365,14.6184,-21.4467,14.6315,0,109.9873,0.0958,0,0,10.9976,28.0051,1.3888,14.1083,6.0004,111.5363,-7.5397,0.1602,13.907,6.0005,-67.5297,0,38.3493,89.0716,-12.5182,-21.462,16.4904,0.0437,110.0142,-21.413,16.4918,0.0058,0.0045,-11.0104,28.011,1.5078,13.9722,6.0028,111.5431,-7.4231,0.0212,13.9899,6.001,38.4656,38.4368,NG
303,"2021-09-16 09:14:00",2021-09-16,54.0165,0.0052,0.0024,0.0054,67.4966,210.6509,89.1149,274.9853,12.4096,-21.4612,14.6299,-21.482,14.6304,0,109.991,0.0915,0,0,11.0274,28.009,1.3823,14.0441,6,111.524,-7.4962,0.1506,13.9858,6.0001,-67.6199,0,38.4174,89.0981,-12.5223,-21.4555,16.4912,0.0126,109.9907,-21.3985,16.492,0.022,0.1022,-10.9966,28.0156,1.5258,13.9903,5.9936,111.5331,-7.4301,0.0166,13.9684,6.0009,38.4424,38.441,NG
303,"2021-09-16 09:25:00",2021-09-16,54.0177,0.005,0.0016,0.0055,67.5526,210.6889,89.1139,275.0349,12.4242,-21.4703,14.6316,-21.4705,14.6336,0,110.0009,0.128,0,0,11.0256,28.0223,1.3985,14.0228,6.0007,111.5268,-7.4707,0.1273,13.9999,6.0015,-67.5276,0,38.3618,89.094,-12.5167,-21.5466,16.5115,0.0162,109.995,-21.4991,16.5131,0.013,0.0134,-10.9897,28.0192,1.5271,13.9855,6.0021,111.5312,-7.5129,0.0091,13.9862,6.002,38.4259,38.412,NG
303,"2021-09-16 09:35:00",2021-09-16,54.0126,0.0128,0.0006,0.0133,67.5892,210.6503,89.1066,274.9845,12.4195,-21.4444,14.6295,-21.4742,14.6338,0,110.0017,0.1688,0,0,11.0054,28.0087,1.4142,14.0166,5.9985,111.5273,-7.4523,0.1115,14.0219,5.9987,-67.539,0,38.3684,89.0825,-12.4533,-21.552,16.4888,0.0059,110.0232,-21.463,16.511,0.0372,0.0741,-10.9571,28.0056,1.4962,13.9526,5.9727,111.541,-7.499,0.0217,13.964,5.9957,38.4394,38.3608,NG
303,"2021-09-16 13:23:00",2021-09-16,54.0146,0.0079,0.0026,0.008,67.5257,210.6782,89.0903,275.0208,12.4408,-21.5004,14.6259,-21.464,14.6371,0,110.0136,0.078,0,0,11.0335,28.0185,1.4073,13.9977,5.9678,111.5276,-7.4796,0.1067,13.9844,5.9702,-67.5136,0,38.3892,89.0762,-12.4833,-21.5597,16.4936,0.0262,109.9776,-21.4984,16.4678,0.023,0.0415,-10.9813,28.0134,1.502,13.9784,5.9997,111.4948,-7.5247,0.0153,13.9736,5.9721,38.4263,38.4286,NG
303,"2021-09-16 13:48:00",2021-09-16,54.0138,0.0036,0.0021,0.0038,67.5705,210.6452,89.0865,274.9777,12.4549,-21.4534,14.6313,-21.467,14.6309,0,109.9921,0.1195,0,0,10.9811,28.0065,1.4739,13.9995,5.9987,111.535,-7.4463,0.069,14.0207,5.9998,-67.5417,0,38.3815,89.0788,-12.4953,-21.5315,16.4948,0.049,109.9851,-21.4631,16.4963,0.0139,0.0538,-10.9752,28.0079,1.5202,13.9793,6.0012,111.5265,-7.5029,0.0213,13.9602,6.0009,38.3497,38.344,NG
303,"2021-09-16 16:44:00",2021-09-16,54.0167,0.0031,0.0011,0.0035,67.4712,210.7143,89.0938,275.068,12.4298,-21.4452,14.625,-21.4453,14.629,0,110.0152,0.0339,0,0,10.9768,28.0013,1.453,14.0941,5.9869,111.5515,-7.5379,0.0833,13.9074,5.9983,-67.5147,0,38.4519,89.0689,-12.5191,-21.4736,16.4918,0.183,110.0067,-21.4349,16.4956,0.1786,0.0077,-11.0008,27.9904,1.5183,13.9699,5.993,111.5333,-7.4531,0.0083,13.9818,5.993,38.5971,38.4704,NG
303,"2021-09-16 17:59:00",2021-09-16,54.0128,0.0043,0.0038,0.0048,67.5315,210.7027,89.103,275.0528,12.4395,-21.4689,14.6199,-21.4526,14.6293,0,109.9936,0.0952,0,0,11.0021,28.0083,1.4374,14.0042,5.9976,111.5236,-7.4649,0.0927,13.9877,5.9975,-67.5202,0,38.3676,89.079,-12.4943,-21.5607,16.4905,0.0151,110.0144,-21.5,16.4904,0.0143,0.0187,-10.9916,28.0179,1.5027,13.9927,5.9953,111.5264,-7.5355,0.0093,13.9645,5.9935,38.4365,38.4301,OK
303,"2021-09-16 18:04:00",2021-09-16,54.0123,0.0016,0.0012,0.0017,67.5842,210.6599,89.1019,274.9969,12.4447,-21.4294,14.624,-21.4737,14.6313,0,110.0265,0.1262,0,0,10.9894,28.0108,1.4552,14.0418,5.9936,111.5316,-7.4604,0.0499,14.0133,5.9967,-67.5511,0,38.3597,89.0676,-12.4948,-21.5353,16.4913,0.0189,109.9975,-21.4962,16.4932,0.0327,0.0576,-10.9715,28.0024,1.5233,13.9779,5.9975,111.5367,-7.5108,0.0159,13.9854,5.9985,38.3684,38.3551,NG
303,"2021-09-16 18:08:00",2021-09-16,54.0112,0.0096,0.0025,0.0096,67.4675,210.7028,89.099,275.053,12.3997,-21.4067,14.6196,-21.4393,14.6328,0,110.0505,0.0425,0,0,10.9992,28.0109,1.4005,14.1329,5.9961,111.5428,-7.5287,0.0918,13.9106,5.996,-67.5039,0,38.3696,89.069,-12.5242,-21.4509,16.4933,0.0192,109.9842,-21.4473,16.4927,0.0317,0.0124,-11.0047,27.9958,1.5196,13.9919,5.9941,111.5423,-7.447,0.0385,14.0003,5.9958,38.4955,38.4612,NG
303,"2021-09-16 18:33:00",2021-09-16,54.0107,0.0059,0.0024,0.0059,67.4936,210.6368,89.0951,274.9669,12.4426,-21.4415,14.6276,-21.4565,14.6253,0,110.0302,0.036,0,0,11.043,28.0091,1.3995,14.0337,5.9848,111.526,-7.4661,0.0963,13.9905,5.991,-67.6138,0,38.4057,89.076,-12.5129,-21.4556,16.4874,0.0171,110.0139,-21.4205,16.4821,0.0326,0.094,-11.0144,28.0045,1.4985,13.983,5.9919,111.5211,-7.4341,0.0088,13.9865,5.9809,38.457,38.4602,NG
427,"2021-09-08 09:33:00",2021-09-08,48.6174,0.0017,0.005,0.002,59.7932,177.6401,74.0689,231.8927,13.2538,-20.3406,14.5505,-20.3627,14.5519,92.9939,0,0.0425,178.3749,178.4344,0,0,0,0,0,0,0,0,0,0,-59.8036,0,42.6091,74.1014,-13.3006,-20.3546,14.5461,0.0091,-20.3831,92.9248,14.5494,0.0371,0.0406,0,0,0,0,0,0,0,0,0,0,43.5612,43.5714,NG
427,"2021-09-08 09:48:00",2021-09-08,48.6175,0.0016,0.0052,0.0019,59.7926,177.6395,74.0675,231.8919,13.2534,-20.3414,14.5506,-20.3609,14.5523,92.9937,0,0.0423,178.3744,178.4343,0,0,0,0,0,0,0,0,0,0,-59.8039,0,42.6094,74.1012,-13.3012,-20.3546,14.5457,0.0082,-20.3837,92.925,14.5496,0.0365,0.0402,0,0,0,0,0,0,0,0,0,0,43.5628,43.5725,NG
427,"2021-09-08 09:52:00",2021-09-08,48.6169,0.0013,0.0051,0.0013,59.7918,177.6379,74.0659,231.8898,13.2528,-20.3409,14.5501,-20.3618,14.5519,92.9934,0,0.0423,178.3741,178.4345,0,0,0,0,0,0,0,0,0,0,-59.8036,0,42.609,74.1014,-13.3012,-20.3542,14.5459,0.0086,-20.3836,92.925,14.5498,0.0326,0.0399,0,0,0,0,0,0,0,0,0,0,43.5617,43.5725,NG
427,"2021-09-08 10:21:00",2021-09-08,48.6167,0.0006,0.0048,0.0095,59.817,177.7838,74.0726,232.0802,13.336,-20.3424,14.5506,-20.3668,14.548,92.9895,0,0.0138,178.3129,178.4036,0,0,0,0,0,0,0,0,0,0,-59.8121,0,42.2058,74.0921,-13.2831,-20.363,14.5443,0.0311,-20.339,92.9476,14.5416,0.0262,0.0552,0,0,0,0,0,0,0,0,0,0,43.539,43.5611,NG
427,"2021-09-08 10:47:00",2021-09-08,48.6177,0.0017,0.0028,0.0021,59.6904,177.7429,74.0549,232.0269,13.3061,-20.3893,14.5493,-20.3693,14.5495,92.9643,0,0.0979,178.2966,178.3539,0,0,0,0,0,0,0,0,0,0,-59.704,0,42.4537,74.1197,-13.2399,-20.3599,14.5427,0.0264,-20.3879,92.9821,14.5392,0.0308,0.027,0,0,0,0,0,0,0,0,0,0,43.461,43.4714,NG
427,"2021-09-08 10:51:00",2021-09-08,48.6167,0.0024,0.0025,0.0024,59.7814,177.7383,74.0604,232.0209,13.3421,-20.4279,14.5666,-20.4308,14.5496,92.952,0,0.0367,178.3373,178.3977,0,0,0,0,0,0,0,0,0,0,-59.7962,0,42.5157,74.109,-13.2729,-20.3528,14.5931,0.0203,-20.3352,92.9813,14.5533,0.0088,0.0327,0,0,0,0,0,0,0,0,0,0,43.5118,43.5154,NG
427,"2021-09-08 13:14:00",2021-09-08,48.6148,0.0012,0.0035,0.0012,59.7639,177.616,74.0848,231.8612,13.2554,-20.3469,14.54,-20.3249,14.5364,93.0033,0,0.0068,178.4068,178.4792,0,0,0,0,0,0,0,0,0,0,-59.7758,0,42.6275,74.1234,-13.2782,-20.3807,14.5394,0.0184,-20.4548,92.9575,14.543,0.0384,0.0188,0,0,0,0,0,0,0,0,0,0,43.5646,43.5724,NG
427,"2021-09-08 13:18:00",2021-09-08,48.6154,0.0012,0.0038,0.0019,59.8037,177.7747,74.0978,232.0683,13.2924,-20.3866,14.537,-20.3931,14.5446,93.0091,0,0.0067,178.3092,178.398,0,0,0,0,0,0,0,0,0,0,-59.7881,0,42.2078,74.1027,-13.2559,-20.4171,14.5384,0.0302,-20.3787,92.9696,14.5421,0.0199,0.0474,0,0,0,0,0,0,0,0,0,0,43.5466,43.5752,NG
427,"2021-09-08 13:29:00",2021-09-08,48.616,0.0022,0.0033,0.0032,59.6836,177.7603,74.0778,232.0496,13.266,-20.4078,14.5335,-20.4306,14.5332,92.9946,0,0.0797,178.2769,178.3253,0,0,0,0,0,0,0,0,0,0,-59.6834,0,42.4798,74.1356,-13.242,-20.3844,14.5403,0.0506,-20.4033,92.9683,14.5328,0.0172,0.0428,0,0,0,0,0,0,0,0,0,0,43.468,43.4839,NG
427,"2021-09-08 13:32:00",2021-09-08,48.6149,0.0037,0.0048,0.0037,59.7774,177.7619,74.0595,232.0516,13.3093,-20.3913,14.5247,-20.4225,14.5328,92.9786,0,0.0211,178.2984,178.3586,0,0,0,0,0,0,0,0,0,0,-59.7846,0,42.5212,74.1087,-13.3048,-20.3577,14.5377,0.0441,-20.3205,92.9496,14.5384,0.0263,0.0051,0,0,0,0,0,0,0,0,0,0,43.5152,43.523,NG
427,"2021-09-08 15:33:00",2021-09-08,48.6155,0.0015,0.0036,0.0018,59.7603,177.6494,74.0783,231.9048,13.261,-20.3667,14.5403,-20.3657,14.5392,93.0103,0,0.0059,178.3793,178.4322,0,0,0,0,0,0,0,0,0,0,-59.7615,0,42.6195,74.1028,-13.2763,-20.3851,14.544,0.0186,-20.3716,92.9796,14.5395,0.0046,0.0046,0,0,0,0,0,0,0,0,0,0,43.5578,43.5644,NG
427,"2021-09-09 11:22:00",2021-09-09,48.6149,0.0017,0.0022,0.0021,59.6741,177.7559,74.0659,232.0438,13.3076,-20.3273,14.5635,-20.3353,14.5609,92.9351,0,0.101,178.321,178.2761,0,0,0,0,0,0,0,0,0,0,-59.6752,0,42.4913,74.1028,-13.2769,-20.404,14.5519,0.028,-20.3682,92.9342,14.5695,0.0274,0.0687,0,0,0,0,0,0,0,0,0,0,43.6009,43.6128,NG
427,"2021-09-09 11:34:00",2021-09-09,48.6066,0.0165,0.0065,0.0165,59.7921,177.7499,74.0775,232.036,13.3129,-20.3519,14.5643,-20.3565,14.564,93.0269,0,0.0342,178.3916,178.4419,0,0,0,0,0,0,0,0,0,0,-59.7858,0,42.5439,74.0953,-13.2771,-20.3538,14.5592,0.0151,-20.3566,92.9523,14.5544,0.0201,0.0325,0,0,0,0,0,0,0,0,0,0,43.5758,43.6095,NG
427,"2021-09-09 11:41:00",2021-09-09,48.6018,0.0196,0.0068,0.0196,59.7748,177.672,74.0613,231.9343,13.3021,-20.3633,14.567,-20.4102,14.5608,92.9773,0,0.0159,178.4242,178.5402,0,0,0,0,0,0,0,0,0,0,-59.7707,0,42.669,74.1158,-13.2649,-20.3989,14.5527,0.0526,-20.392,92.961,14.5611,0.0347,0.0253,0,0,0,0,0,0,0,0,0,0,43.4772,43.5004,NG
427,"2021-09-09 11:49:00",2021-09-09,48.6004,0.0224,0.003,0.0224,59.7997,177.7765,74.0674,232.0707,13.3407,-20.4416,14.5663,-20.4016,14.562,92.9651,0,0.0236,178.4207,178.4675,0,0,0,0,0,0,0,0,0,0,-59.7889,0,42.2541,74.1115,-13.3096,-20.3634,14.5554,0.0439,-20.3349,92.9523,14.5592,0.0167,0.0032,0,0,0,0,0,0,0,0,0,0,43.5056,43.5197,NG
427,"2021-09-09 14:34:00",2021-09-09,48.6093,0.0037,0.0038,0.0041,59.6601,177.7339,74.091,232.0151,13.2711,-20.3446,14.5448,-20.3284,14.5487,92.9876,0,0.1048,178.3022,178.2787,0,0,0,0,0,0,0,0,0,0,-59.6585,0,42.4863,74.1147,-13.2704,-20.376,14.5441,0.0074,-20.3778,92.9746,14.5487,0.0193,0.0991,0,0,0,0,0,0,0,0,0,0,43.5668,43.5821,NG
427,"2021-09-09 14:52:00",2021-09-09,48.6055,0.0104,0.0028,0.0114,59.7717,177.7385,74.1133,232.0211,13.3368,-20.3618,14.547,-20.3605,14.5485,92.9971,0,0.0637,178.3288,178.4113,0,0,0,0,0,0,0,0,0,0,-59.7699,0,42.5445,74.114,-13.2792,-20.3633,14.5358,0.0149,-20.3573,92.9284,14.5335,0.0024,0.0265,0,0,0,0,0,0,0,0,0,0,43.5473,43.5778,NG
427,"2021-09-09 15:28:00",2021-09-09,48.6129,0.0017,0.004,0.0022,59.7459,177.652,74.0703,231.9083,13.2926,-20.3676,14.5453,-20.3856,14.5598,92.9667,0,0.03,178.3707,178.4884,0,0,0,0,0,0,0,0,0,0,-59.7741,0,42.6694,74.1417,-13.2809,-20.3825,14.5482,0.0259,-20.375,92.9197,14.5524,0.0286,0.0333,0,0,0,0,0,0,0,0,0,0,43.4746,43.4649,NG
427,"2021-09-09 16:47:00",2021-09-09,48.6072,0.0197,0.003,0.0197,59.7807,177.7797,74.1086,232.0749,13.2994,-20.4033,14.5463,-20.4162,14.5466,92.9882,0,0.0128,178.3366,178.3849,0,0,0,0,0,0,0,0,0,0,-59.7951,0,42.254,74.1174,-13.3069,-20.3566,14.5444,0.0177,-20.3052,92.9545,14.5489,0.0059,0.0109,0,0,0,0,0,0,0,0,0,0,43.5329,43.5398,NG
427,"2021-09-09 16:57:00",2021-09-09,48.6089,0.019,0.001,0.019,59.7814,177.7834,74.111,232.0798,13.3,-20.4026,14.5463,-20.4143,14.5464,92.9887,0,0.0129,178.3385,178.3866,0,0,0,0,0,0,0,0,0,0,-59.7942,0,42.2539,74.118,-13.3058,-20.3536,14.5444,0.0184,-20.2928,92.9551,14.5492,0.0026,0.0109,0,0,0,0,0,0,0,0,0,0,43.5308,43.537,NG
427,"2021-09-09 17:06:00",2021-09-09,48.6066,0.018,0.003,0.0199,59.7734,177.7754,74.1001,232.0693,13.3297,-20.3991,14.5511,-20.4277,14.5478,92.9698,0,0.0413,178.3476,178.387,0,0,0,0,0,0,0,0,0,0,-59.8042,0,42.2582,74.1381,-13.3084,-20.3464,14.5467,0.0238,-20.3203,92.9771,14.5437,0.0114,0.0073,0,0,0,0,0,0,0,0,0,0,43.5228,43.5321,NG
427,"2021-09-10 10:03:00",2021-09-10,48.6196,0.0019,0.0058,0.0055,59.6957,177.7546,74.0961,232.0421,13.2929,-20.3764,14.551,-20.3821,14.5514,92.9868,0,0.0906,178.3267,178.303,0,0,0,0,0,0,0,0,0,0,-59.694,0,42.5076,74.1389,-13.2585,-20.3578,14.5462,0.0427,-20.3575,92.9262,14.5567,0.0354,0.0275,0,0,0,0,0,0,0,0,0,0,43.5852,43.5983,NG
427,"2021-09-10 10:09:00",2021-09-10,48.6151,0.0071,0.004,0.0085,59.7801,177.7312,74.0791,232.0116,13.3414,-20.3765,14.5475,-20.3984,14.546,92.9361,0,0.0293,178.3538,178.4464,0,0,0,0,0,0,0,0,0,0,-59.798,0,42.5522,74.1171,-13.3125,-20.3409,14.5604,0.0363,-20.316,92.9394,14.5534,0.0133,0.0157,0,0,0,0,0,0,0,0,0,0,43.5544,43.5467,NG
427,"2021-09-10 13:18:00",2021-09-10,48.6206,0.0019,0.004,0.0019,59.7433,177.6491,74.0911,231.9044,13.2696,-20.3452,14.555,-20.3392,14.5536,92.9799,0,0.0163,178.3927,178.5192,0,0,0,0,0,0,0,0,0,0,-59.7493,0,42.5996,74.1093,-13.226,-20.3647,14.5482,0.0141,-20.3646,93.0083,14.5489,0.0218,0.0191,0,0,0,0,0,0,0,0,0,0,43.4507,43.4608,NG
427,"2021-09-10 15:34:00",2021-09-10,48.6203,0.0045,0.0051,0.0054,59.7471,177.6345,74.0778,231.8853,13.2766,-20.3384,14.5621,-20.3553,14.5609,92.9887,0,0.0239,178.4091,178.4694,0,0,0,0,0,0,0,0,0,0,-59.7429,0,42.6038,74.1188,-13.2799,-20.3775,14.5677,0.0136,-20.3953,92.9557,14.5734,0.0007,0.0148,0,0,0,0,0,0,0,0,0,0,43.5766,43.6013,NG
427,"2021-09-10 15:37:00",2021-09-10,48.6132,0.0115,0.0039,0.0156,59.7816,177.7767,74.0883,232.071,13.3253,-20.3338,14.5415,-20.3642,14.5592,92.9911,0,0.0392,178.3469,178.4186,0,0,0,0,0,0,0,0,0,0,-59.7786,0,42.2002,74.1167,-13.2461,-20.3611,14.5559,0.0197,-20.3369,92.9673,14.5808,0.0159,0.0489,0,0,0,0,0,0,0,0,0,0,43.5624,43.5917,NG
427,"2021-09-10 15:41:00",2021-09-10,48.6184,0.0044,0.0039,0.0045,59.6481,177.7186,74.0765,231.9952,13.2852,-20.3898,14.5556,-20.3694,14.559,92.9983,0,0.1363,178.3035,178.3599,0,0,0,0,0,0,0,0,0,0,-59.6544,0,42.4466,74.1268,-13.2543,-20.3545,14.5481,0.0394,-20.6855,92.9678,14.2719,0.2946,0.0838,0,0,0,0,0,0,0,0,0,0,43.4551,43.472,NG
427,"2021-09-10 15:45:00",2021-09-10,48.6179,0.0046,0.0039,0.0066,59.7744,177.7455,74.1052,232.0303,13.3151,-20.3765,14.5356,-20.3993,14.5523,92.9886,0,0.0351,178.3857,178.4416,0,0,0,0,0,0,0,0,0,0,-59.7343,0,42.5226,74.0994,-13.2872,-20.3608,14.5786,0.0326,-20.336,92.9557,14.5947,0.0144,0.0308,0,0,0,0,0,0,0,0,0,0,43.5168,43.5248,NG
427,"2021-09-13 16:21:00",2021-09-13,48.6164,0.0028,0.0029,0.0078,59.7627,177.6291,74.0584,231.8783,13.294,-20.3277,14.5597,-20.3489,14.5558,92.9634,0,0.0129,178.3745,178.4466,0,0,0,0,0,0,0,0,0,0,-59.786,0,42.6543,74.1309,-13.2858,-20.4261,14.5458,0.0159,-20.392,92.9564,14.5523,0.022,0.022,0,0,0,0,0,0,0,0,0,0,43.549,43.5606,NG
427,"2021-09-13 16:25:00",2021-09-13,48.6156,0.0023,0.0032,0.0037,59.8031,177.7918,74.0813,232.0907,13.3193,-20.3508,14.5632,-20.3582,14.5659,92.9784,0,0.0054,178.309,178.3992,0,0,0,0,0,0,0,0,0,0,-59.7982,0,42.2068,74.0923,-13.2632,-20.3758,14.5549,0.0071,-20.3588,92.9395,14.5482,0.0116,0.0652,0,0,0,0,0,0,0,0,0,0,43.5088,43.7455,NG
427,"2021-09-13 16:29:00",2021-09-13,48.6169,0.0035,0.0023,0.0045,59.6794,177.7348,74.0598,232.0163,13.3062,-20.3842,14.5626,-20.3943,14.5519,92.9484,0,0.101,178.263,178.3369,0,0,0,0,0,0,0,0,0,0,-59.6875,0,42.4892,74.1274,-13.2758,-20.3958,14.547,0.0255,-20.3969,92.9362,14.555,0.0427,0.0564,0,0,0,0,0,0,0,0,0,0,43.4204,43.4189,NG
427,"2021-09-13 16:33:00",2021-09-13,48.6141,0.0072,0.0062,0.0072,59.7925,177.7493,74.0738,232.0352,13.3144,-20.4137,14.5542,-20.4318,14.5522,92.9636,0,0.0037,178.3528,178.4298,0,0,0,0,0,0,0,0,0,0,-59.7837,0,42.5097,74.0726,-13.2876,-20.3785,14.5428,0.0331,-20.3576,92.95,14.5431,0.01,0.0211,0,0,0,0,0,0,0,0,0,0,43.4664,43.4621,NG
427,"2021-09-14 09:05:00",2021-09-14,48.6098,0.0051,0.0048,0.0121,59.7849,177.6849,74.0747,231.9512,13.2736,-20.3453,14.5553,-20.3689,14.555,92.995,0,0.0138,178.3827,178.4381,0,0,0,0,0,0,0,0,0,0,-59.7869,0,42.6521,74.1295,-13.2746,-20.3763,14.5528,0.0198,-20.3821,93.0082,14.5519,0.0137,0.0082,0,0,0,0,0,0,0,0,0,0,43.5707,43.5758,NG
427,"2021-09-14 09:38:00",2021-09-14,48.6092,0.0072,0.0059,0.0105,59.8197,177.7988,74.1105,232.0999,13.3203,-20.3537,14.5563,-20.3444,14.5563,93.0124,0,0.0068,178.328,178.4114,0,0,0,0,0,0,0,0,0,0,-59.806,0,42.25,74.1462,-13.2369,-20.3591,14.5505,0.0192,-20.3533,93.0233,14.551,0.0175,0.0574,0,0,0,0,0,0,0,0,0,0,43.5338,43.5584,NG
427,"2021-09-14 13:00:00",2021-09-14,48.6109,0.0065,0.0061,0.0087,59.7048,177.7503,74.0944,232.0366,13.2873,-20.3961,14.5591,-20.4103,14.5553,93.0005,0,0.0828,178.3041,178.3896,0,0,0,0,0,0,0,0,0,0,-59.7039,0,42.4828,74.14,-13.2633,-20.3634,14.5537,0.0372,-20.3818,93.0004,14.5515,0.0291,0.0596,0,0,0,0,0,0,0,0,0,0,43.4219,43.4249,NG
427,"2021-09-14 13:04:00",2021-09-14,48.6072,0.0097,0.0035,0.0097,59.8131,177.7803,74.1227,232.0757,13.3238,-20.4227,14.5568,-20.4176,14.5562,92.9971,0,0.0093,178.3599,178.4072,0,0,0,0,0,0,0,0,0,0,-59.8091,0,42.5451,74.14,-13.265,-20.3518,14.5531,0.0155,-20.3247,93.0198,14.5512,0.0057,0.0342,0,0,0,0,0,0,0,0,0,0,43.4637,43.4652,NG
427,"2021-09-14 13:22:00",2021-09-14,48.6079,0.0062,0.0021,0.0062,59.7795,177.7625,74.0817,232.0524,13.3201,-20.3273,14.5747,-20.3853,14.5879,92.9806,0,0.0309,178.3099,178.405,0,0,0,0,0,0,0,0,0,0,-59.7834,0,42.2347,74.1226,-13.2684,-20.3788,14.6407,0.0065,-20.3447,92.98,14.6573,0.0168,0.025,0,0,0,0,0,0,0,0,0,0,43.4868,43.5128,NG
427,"2021-09-14 13:28:00",2021-09-14,48.6082,0.0051,0.0026,0.0063,59.7797,177.7621,74.0816,232.0519,13.3207,-20.3259,14.5749,-20.3878,14.5882,92.9798,0,0.0308,178.3099,178.4046,0,0,0,0,0,0,0,0,0,0,-59.7823,0,42.235,74.1221,-13.2675,-20.3802,14.6408,0.0057,-20.3435,92.9792,14.6571,0.0162,0.0252,0,0,0,0,0,0,0,0,0,0,43.4859,43.5116,NG
